{
  "schemaVersion": 1,
  "id": "sweetmod",
  "version": "${version}",

  "name": "Sweet Mod",
  "description": "Add more sugar in Minecraft !",
  "authors": [
    "Yakoro"
  ],
  "contact": {
    "homepage": "https://fabricmc.net/",
    "sources": "https://github.com/FabricMC/fabric-example-mod"
  },

  "license": "MIT License",
  "icon": "assets/modid/icon.png",

  "environment": "*",
  "entrypoints": {
    "main": [
      "net.yakoro.sweetmod.SweetMod"
    ],
    "client": [
      "net.yakoro.sweetmod.SweetModClient"
    ]
  },
  "mixins": [
    "sweetmod.mixins.json"
  ],

  "depends": {
    "fabricloader": ">=0.14.6",
    "fabric": "*",
    "minecraft": "~1.19",
    "java": ">=17"
  },
  "suggests": {
    "another-mod": "*"
  }
}
