{
  "schemaVersion": 1,
  "id": "yakoromod",
  "version": "${version}",

  "name": "Yakoro Mod",
  "description": "This is an example description! Tell everyone what your mod is about!",
  "authors": [
    "Yakoro"
  ],
  "contact": {
    "homepage": "https://fabricmc.net/",
    "sources": "https://github.com/FabricMC/fabric-example-mod"
  },

  "license": "MIT License",
  "icon": "assets/modid/icon.png",

  "environment": "*",
  "entrypoints": {
    "main": [
      "net.yakoro.yakoromod.YakoroMod"
    ],
    "client": [
      "net.yakoro.yakoromod.YakoroModClient"
    ]
  },
  "mixins": [
    "yakoromod.mixins.json"
  ],

  "depends": {
    "fabricloader": ">=0.14.6",
    "fabric": "*",
    "minecraft": "~1.19",
    "java": ">=17"
  },
  "suggests": {
    "another-mod": "*"
  }
}
